DROP DATABASE IF EXISTS `parkdb`;
CREATE DATABASE IF NOT EXISTS `parkdb` DEFAULT CHARACTER SET UTF8 COLLATE utf8_bin;
USE `parkdb`;

drop table if exists rides;
drop table if exists types;
drop table if exists parks;

CREATE TABLE parks(
   id                    INTEGER NOT NULL PRIMARY KEY
  ,name                  VARCHAR(34) NOT NULL
  ,image                 VARCHAR(208)
);

CREATE TABLE types(
   id   INTEGER  NOT NULL PRIMARY KEY 
  ,name VARCHAR(12) NOT NULL
);
CREATE TABLE rides(
  id INTEGER NOT NULL PRIMARY KEY AUTO_INCREMENT,
  name     VARCHAR(67) NOT NULL
  ,type_id  INTEGER 
  ,capacity INTEGER 
  ,park_id  INTEGER NOT NULL
  , FOREIGN KEY (park_id) REFERENCES parks(id)
  , FOREIGN KEY (type_id) REFERENCES types(id)
);

INSERT INTO parks(id,name,image) VALUES (1,'Magic Kingdom Park','https://cdn1.parksmedia.wdprapps.disney.com/resize/mwImage/1/433/433/75/dam/wdpro-assets/home/hpr/destination/happily-ever-after-blue-1x1.jpg');
INSERT INTO parks(id,name,image) VALUES (2,'EPCOT','https://cdn1.parksmedia.wdprapps.disney.com/resize/mwImage/1/433/433/75/dam/wdpro-assets/home/hpr/prelaunch-homepage-redesign-spaceship-earth-1x1.jpg');
INSERT INTO parks(id,name,image) VALUES (3,'Disney''s Hollywood Studios','https://cdn1.parksmedia.wdprapps.disney.com/resize/mwImage/1/433/433/75/dam/wdpro-assets/home/hpr/prelaunch-homepage-redesigntower-of-terror-1x1.jpg');
INSERT INTO parks(id,name,image) VALUES (4,'Disney''s Animal Kingdom Theme Park','https://cdn1.parksmedia.wdprapps.disney.com/resize/mwImage/1/433/433/75/dam/wdpro-assets/home/hpr/prelaunch-homepage-redesign-tree-of-life-1x1.jpg');
INSERT INTO parks(id,name,image) VALUES (7,'Universal Studios','https://www.universalstudioshollywood.com/tridiondata/ush/en/us/files/images/ush-ride-studio-tour-tram-fire-A1.jpg');
INSERT INTO parks(id,name,image) VALUES (8,'Universal Studios Florida','https://www.universalorlando.com/webdata/k2/en/us/files/Images/gds/usf-arches-family-smiling-cf-a.jpg');
INSERT INTO parks(id,name,image) VALUES (9,'Universal''s Islands of Adventure','https://www.universalorlando.com/webdata/k2/en/us/files/Images/ioa-velocicoaster-riders-right-profile-a.jpg?imwidth=1117');
INSERT INTO parks(id,name,image) VALUES (10,'Disneyland Park California','https://cdn1.parksmedia.wdprapps.disney.com/resize/mwImage/1/1600/900/75/dam/disneyland/attractions/disneyland/sleeping-beauty-castle-walkthrough/sleeping-beauty-castle-exterior-16x9.jpg?1699632197159');
INSERT INTO parks(id,name,image) VALUES (11,'Disney California Adventure Park','https://cdn1.parksmedia.wdprapps.disney.com/resize/mwImage/1/1600/900/75/dam/wdpro-assets/dlr/gallery/destinations/california-adventure-park/disney-california-adventure-gallery00.jpg?1699632206359');
INSERT INTO parks(id,name,image) VALUES (12,'Tokyo DisneySea','https://media2.tokyodisneyresort.jp/home/tdr/guide/1day-tds/main_img_2.jpg');
INSERT INTO parks(id,name,image) VALUES (13,'Tokyo Disneyland','https://media2.tokyodisneyresort.jp/home/top/main/2023/10/mainL_01.jpg');
INSERT INTO parks(id,name,image) VALUES (14,'Efteling','https://www.efteling.com/nl/-/media/images/nieuw-park/park/attractions/symbolica/1600x900-en-toen-pardoes-met-jongen-voor-symbolica-winter-efteling.jpg?h=900&w=1600&focuspoint=-0.15%2c0.05&hash=750F1FB98F03988891B2FDB43AFC406C');
INSERT INTO parks(id,name,image) VALUES (15,'Shanghai Disneyland','https://secure.cdn2.wdpromedia.cn/media/wdpro-shdr-assets/prod/en-cn/system/images/shdr-winter-campaign-2023-hero-20240112-cny.jpg');
INSERT INTO parks(id,name,image) VALUES (16,'Disneyland Park Paris','https://media.disneylandparis.com/d4th/fr-be/images/HD13302_2_2050jan01_world_disneyland-park-dlp-website-visual_5-2_tcm792-248638.jpg?w=1920');
INSERT INTO parks(id,name,image) VALUES (17,'Walt Disney Studios Park','https://media.disneylandparis.com/d4th/fr-be/images/N036525_2050jan31_walt-disney-studio-key-visual_5-2_tcm792-248673.jpg?w=1920');
INSERT INTO parks(id,name,image) VALUES (18,'Hong Kong Disneyland Park','https://cdn1.parksmedia.wdprapps.disney.com/resize/mwImage/1/1349/464/75/vision-dam/digital/hkdl-platform/hkdl-global-assets/others/WOF_KV_2560x1440-16x9.jpg?2023-10-31T03:28:46+00:00');
INSERT INTO types(id,name) VALUES (23,'Arcade');
INSERT INTO types(id,name) VALUES (1,'Coaster');
INSERT INTO types(id,name) VALUES (2,'Dark Ride');
INSERT INTO types(id,name) VALUES (3,'Exhibit');
INSERT INTO types(id,name) VALUES (4,'Explore/Play');
INSERT INTO types(id,name) VALUES (5,'Kids Ride');
INSERT INTO types(id,name) VALUES (6,'Ride');
INSERT INTO types(id,name) VALUES (7,'Show');
INSERT INTO types(id,name) VALUES (8,'Transport');
INSERT INTO types(id,name) VALUES (9,'Water Ride');
INSERT INTO types(id,name) VALUES (10,'Body slide');
INSERT INTO types(id,name) VALUES (11,'Other');
INSERT INTO types(id,name) VALUES (12,'Pool');
INSERT INTO types(id,name) VALUES (13,'Raft/Tube');
INSERT INTO types(id,name) VALUES (14,'River');
INSERT INTO types(id,name) VALUES (15,'Pendulum');
INSERT INTO types(id,name) VALUES (16,'Tower');
INSERT INTO types(id,name) VALUES (17,'Slide');
INSERT INTO types(id,name) VALUES (18,'Ferris Wheel');
INSERT INTO types(id,name) VALUES (20,'Raft');
INSERT INTO types(id,name) VALUES (21,'Flat Rides');
INSERT INTO types(id,name) VALUES (22,'Wildlife');
INSERT INTO rides(name,type_id,capacity,park_id) VALUES ('Frontierland Shootin'' Arcade',23,190,1);
INSERT INTO rides(name,type_id,capacity,park_id) VALUES ('Barnstormer',1,1280,1);
INSERT INTO rides(name,type_id,capacity,park_id) VALUES ('Big Thunder Mountain Railroad',1,2400,1);
INSERT INTO rides(name,type_id,capacity,park_id) VALUES ('Seven Dwarfs Mine Train',1,1200,1);
INSERT INTO rides(name,type_id,capacity,park_id) VALUES ('Pirates of the Caribbean',2,3200,1);
INSERT INTO rides(name,type_id,capacity,park_id) VALUES ('Space Mountain',2,720,1);
INSERT INTO rides(name,type_id,capacity,park_id) VALUES ('Peter Pan''s Flight',2,800,1);
INSERT INTO rides(name,type_id,capacity,park_id) VALUES ('it''s a small world',2,3000,1);
INSERT INTO rides(name,type_id,capacity,park_id) VALUES ('Haunted Mansion',2,3200,1);
INSERT INTO rides(name,type_id,capacity,park_id) VALUES ('Under The Sea - Journey of the Little Mermaid',2,2200,1);
INSERT INTO rides(name,type_id,capacity,park_id) VALUES ('Buzz Lightyear''s Space Ranger Spin',2,800,1);
INSERT INTO rides(name,type_id,capacity,park_id) VALUES ('The Many Adventures of Winnie the pooh',2,850,1);
INSERT INTO rides(name,type_id,capacity,park_id) VALUES ('Cinderella Castle',3,NULL,1);
INSERT INTO rides(name,type_id,capacity,park_id) VALUES ('Meet Tiana in Liberty Square',4,500,1);
INSERT INTO rides(name,type_id,capacity,park_id) VALUES ('Casey Jr. Splash ''N'' Soak Station',4,NULL,1);
INSERT INTO rides(name,type_id,capacity,park_id) VALUES ('Citizens of Main Street',4,500,1);
INSERT INTO rides(name,type_id,capacity,park_id) VALUES ('Enhanced Tales with Belle',4,500,1);
INSERT INTO rides(name,type_id,capacity,park_id) VALUES ('Fairytale Garden',4,500,1);
INSERT INTO rides(name,type_id,capacity,park_id) VALUES ('Town Square Theater',4,500,1);
INSERT INTO rides(name,type_id,capacity,park_id) VALUES ('Tom Sawyer Island',4,500,1);
INSERT INTO rides(name,type_id,capacity,park_id) VALUES ('Meet an Out of this World Friend in Tomorrowland',4,500,1);
INSERT INTO rides(name,type_id,capacity,park_id) VALUES ('Meet Characters from Aladdin in Adventureland',4,500,1);
INSERT INTO rides(name,type_id,capacity,park_id) VALUES ('Meet Chip ''n'' Dale near The Diamond Horseshoe',4,500,1);
INSERT INTO rides(name,type_id,capacity,park_id) VALUES ('Meet Gaston near His Tavern',4,500,1);
INSERT INTO rides(name,type_id,capacity,park_id) VALUES ('Meet Peter Pan in Fantasyland',4,500,1);
INSERT INTO rides(name,type_id,capacity,park_id) VALUES ('Meet Tigger and Friends near the Many Adventures of Winnie the Pooh',4,500,1);
INSERT INTO rides(name,type_id,capacity,park_id) VALUES ('Sorcerers of the Magic Kingdom',4,NULL,1);
INSERT INTO rides(name,type_id,capacity,park_id) VALUES ('Meet Toy Story Friends near Splash Mountain',4,500,1);
INSERT INTO rides(name,type_id,capacity,park_id) VALUES ('Swiss Family Treehouse',4,NULL,1);
INSERT INTO rides(name,type_id,capacity,park_id) VALUES ('Ariel''s Grotto FP',4,500,1);
INSERT INTO rides(name,type_id,capacity,park_id) VALUES ('Harmony Barber Shop',4,50,1);
INSERT INTO rides(name,type_id,capacity,park_id) VALUES ('Princess Fairytale Hall',4,500,1);
INSERT INTO rides(name,type_id,capacity,park_id) VALUES ('Pirate''s Adventure ~ Treasures of the Seven Seas',4,NULL,1);
INSERT INTO rides(name,type_id,capacity,park_id) VALUES ('Astro Orbiter',5,420,1);
INSERT INTO rides(name,type_id,capacity,park_id) VALUES ('Dumbo the Flying Element',5,480,1);
INSERT INTO rides(name,type_id,capacity,park_id) VALUES ('Walt Disney''s Carousel of Progress',6,480,1);
INSERT INTO rides(name,type_id,capacity,park_id) VALUES ('Tomorrowland Speedway',6,500,1);
INSERT INTO rides(name,type_id,capacity,park_id) VALUES ('Tomorrowland Transit Authority PeopleMover',6,4600,1);
INSERT INTO rides(name,type_id,capacity,park_id) VALUES ('The Magic Carpets of Aladdin',6,960,1);
INSERT INTO rides(name,type_id,capacity,park_id) VALUES ('Mad Tea Party',6,850,1);
INSERT INTO rides(name,type_id,capacity,park_id) VALUES ('Prince Charming Regal Carrousel',6,1410,1);
INSERT INTO rides(name,type_id,capacity,park_id) VALUES ('Main Street Philharmonic at Main Street, U.S.A.',7,NULL,1);
INSERT INTO rides(name,type_id,capacity,park_id) VALUES ('Main Street Electrical Parade',7,NULL,1);
INSERT INTO rides(name,type_id,capacity,park_id) VALUES ('Disney Festival of Fantasy Parade',7,NULL,1);
INSERT INTO rides(name,type_id,capacity,park_id) VALUES ('Electrical Water Pageant',7,NULL,1);
INSERT INTO rides(name,type_id,capacity,park_id) VALUES ('Magic Kingdom Welcome Show',7,NULL,1);
INSERT INTO rides(name,type_id,capacity,park_id) VALUES ('INCREDIBLES SuperDanceParty',7,1400,1);
INSERT INTO rides(name,type_id,capacity,park_id) VALUES ('Flag Retreat',7,NULL,1);
INSERT INTO rides(name,type_id,capacity,park_id) VALUES ('Main Street Philharmonic at Storybook Circus',7,NULL,1);
INSERT INTO rides(name,type_id,capacity,park_id) VALUES ('Stitch''s Great Escape!',7,490,1);
INSERT INTO rides(name,type_id,capacity,park_id) VALUES ('Casey''s Corner Pianist',7,80,1);
INSERT INTO rides(name,type_id,capacity,park_id) VALUES ('Celebrate The Magic',7,NULL,1);
INSERT INTO rides(name,type_id,capacity,park_id) VALUES ('Mickey''s PhilharMagic',7,1490,1);
INSERT INTO rides(name,type_id,capacity,park_id) VALUES ('Monsters, Inc. Laugh Floor',7,1200,1);
INSERT INTO rides(name,type_id,capacity,park_id) VALUES ('Country Bear Jamboree',7,1140,1);
INSERT INTO rides(name,type_id,capacity,park_id) VALUES ('Captain Jack Sparrow''s Pirate Tutorial',7,250,1);
INSERT INTO rides(name,type_id,capacity,park_id) VALUES ('Wishes nighttime spectacular',7,NULL,1);
INSERT INTO rides(name,type_id,capacity,park_id) VALUES ('The Hall of Presidents',7,1400,1);
INSERT INTO rides(name,type_id,capacity,park_id) VALUES ('The Dapper Dans',7,NULL,1);
INSERT INTO rides(name,type_id,capacity,park_id) VALUES ('Dream Along With Mickey',7,1000,1);
INSERT INTO rides(name,type_id,capacity,park_id) VALUES ('The Notorious Banjo Brothers and Bob',7,150,1);
INSERT INTO rides(name,type_id,capacity,park_id) VALUES ('Main Street Trolley Show',7,180,1);
INSERT INTO rides(name,type_id,capacity,park_id) VALUES ('Main Street Vehicles',8,NULL,1);
INSERT INTO rides(name,type_id,capacity,park_id) VALUES ('Walt Disney World Railroad',8,3150,1);
INSERT INTO rides(name,type_id,capacity,park_id) VALUES ('Liberty Square Riverboat',9,1350,1);
INSERT INTO rides(name,type_id,capacity,park_id) VALUES ('Jungle Cruise',9,1800,1);
INSERT INTO rides(name,type_id,capacity,park_id) VALUES ('Splash Mountain',9,1200,1);
INSERT INTO rides(name,type_id,capacity,park_id) VALUES ('Advanced Training Lab',23,NULL,2);
INSERT INTO rides(name,type_id,capacity,park_id) VALUES ('Mission: SPACE',2,1600,2);
INSERT INTO rides(name,type_id,capacity,park_id) VALUES ('The Seas with Nemo & Friends',2,2200,2);
INSERT INTO rides(name,type_id,capacity,park_id) VALUES ('Living with the Land',2,1600,2);
INSERT INTO rides(name,type_id,capacity,park_id) VALUES ('Spaceship Earth',2,2400,2);
INSERT INTO rides(name,type_id,capacity,park_id) VALUES ('Journey Into Imagination With Figment',2,2570,2);
INSERT INTO rides(name,type_id,capacity,park_id) VALUES ('Ellen''s Energy Adventure',2,1700,2);
INSERT INTO rides(name,type_id,capacity,park_id) VALUES ('Gran Fiesta Tour Starring The Three Caballeros',2,1660,2);
INSERT INTO rides(name,type_id,capacity,park_id) VALUES ('Soarin''',2,810,2);
INSERT INTO rides(name,type_id,capacity,park_id) VALUES ('Sea Turtles - Disney Animals',3,NULL,2);
INSERT INTO rides(name,type_id,capacity,park_id) VALUES ('Mexico Folk Art Gallery',3,NULL,2);
INSERT INTO rides(name,type_id,capacity,park_id) VALUES ('Project Tomorrow: Inventing the Wonders of the Future',3,NULL,2);
INSERT INTO rides(name,type_id,capacity,park_id) VALUES ('Leave A Legacy',3,NULL,2);
INSERT INTO rides(name,type_id,capacity,park_id) VALUES ('SeaBase',3,NULL,2);
INSERT INTO rides(name,type_id,capacity,park_id) VALUES ('Sharks - Disney Animals',3,NULL,2);
INSERT INTO rides(name,type_id,capacity,park_id) VALUES ('House of the Whispering Willows',3,NULL,2);
INSERT INTO rides(name,type_id,capacity,park_id) VALUES ('Gallery of Arts and History',3,NULL,2);
INSERT INTO rides(name,type_id,capacity,park_id) VALUES ('Coral Reefs - Disney Animals',3,NULL,2);
INSERT INTO rides(name,type_id,capacity,park_id) VALUES ('Stave Church Gallery',3,NULL,2);
INSERT INTO rides(name,type_id,capacity,park_id) VALUES ('Bijutsu-kan Gallery',3,NULL,2);
INSERT INTO rides(name,type_id,capacity,park_id) VALUES ('American Heritage Gallery',3,NULL,2);
INSERT INTO rides(name,type_id,capacity,park_id) VALUES ('Meet Winnie the Pooh & Friends in the United Kingdom',4,500,2);
INSERT INTO rides(name,type_id,capacity,park_id) VALUES ('ImageWorks - The',4,NULL,2);
INSERT INTO rides(name,type_id,capacity,park_id) VALUES ('Meet Snow White in Germany',4,500,2);
INSERT INTO rides(name,type_id,capacity,park_id) VALUES ('Meet Princess Aurora in France',4,500,2);
INSERT INTO rides(name,type_id,capacity,park_id) VALUES ('Meet Mulan in China',4,500,2);
INSERT INTO rides(name,type_id,capacity,park_id) VALUES ('Meet Mary Poppins in the United Kingdom',4,500,2);
INSERT INTO rides(name,type_id,capacity,park_id) VALUES ('Meet Donald Duck in Mexico',4,500,2);
INSERT INTO rides(name,type_id,capacity,park_id) VALUES ('Meet Disney Pals at the Epcot Character Spot',4,500,2);
INSERT INTO rides(name,type_id,capacity,park_id) VALUES ('Meet Disney Pals at Legacy Plaza West',4,500,2);
INSERT INTO rides(name,type_id,capacity,park_id) VALUES ('Meet Daisy Duck near Showcase Plaza',4,500,2);
INSERT INTO rides(name,type_id,capacity,park_id) VALUES ('Meet Belle in France',4,500,2);
INSERT INTO rides(name,type_id,capacity,park_id) VALUES ('Meet Aladdin & Jasmine in Morocco',4,500,2);
INSERT INTO rides(name,type_id,capacity,park_id) VALUES ('Meet a Wonderland Friend in the United Kingdom',4,500,2);
INSERT INTO rides(name,type_id,capacity,park_id) VALUES ('Kidcot Fun Stops',4,NULL,2);
INSERT INTO rides(name,type_id,capacity,park_id) VALUES ('Disney Phineas and Ferb: Agent P''s World Showcase Adventure',4,NULL,2);
INSERT INTO rides(name,type_id,capacity,park_id) VALUES ('Innoventions',4,NULL,2);
INSERT INTO rides(name,type_id,capacity,park_id) VALUES ('Test Track',6,1080,2);
INSERT INTO rides(name,type_id,capacity,park_id) VALUES ('Impressions de France',7,2000,2);
INSERT INTO rides(name,type_id,capacity,park_id) VALUES ('Voices of Liberty',7,400,2);
INSERT INTO rides(name,type_id,capacity,park_id) VALUES ('Viva Mexico',7,100,2);
INSERT INTO rides(name,type_id,capacity,park_id) VALUES ('Turtle Talk With Crush',7,NULL,2);
INSERT INTO rides(name,type_id,capacity,park_id) VALUES ('TradNation',7,300,2);
INSERT INTO rides(name,type_id,capacity,park_id) VALUES ('American Music Machine',7,750,2);
INSERT INTO rides(name,type_id,capacity,park_id) VALUES ('The Circle of Life',7,860,2);
INSERT INTO rides(name,type_id,capacity,park_id) VALUES ('The American Adventure',7,1370,2);
INSERT INTO rides(name,type_id,capacity,park_id) VALUES ('British Revolution',7,500,2);
INSERT INTO rides(name,type_id,capacity,park_id) VALUES ('Disney & Pixar Short Film Festival',7,1140,2);
INSERT INTO rides(name,type_id,capacity,park_id) VALUES ('IllumiNations: Reflections of Earth',7,NULL,2);
INSERT INTO rides(name,type_id,capacity,park_id) VALUES ('Matsuriza',7,630,2);
INSERT INTO rides(name,type_id,capacity,park_id) VALUES ('Serveur Amusant',7,200,2);
INSERT INTO rides(name,type_id,capacity,park_id) VALUES ('Sergio',7,190,2);
INSERT INTO rides(name,type_id,capacity,park_id) VALUES ('JAMMitors at Future World East',7,200,2);
INSERT INTO rides(name,type_id,capacity,park_id) VALUES ('Jeweled Dragon Acrobats',7,350,2);
INSERT INTO rides(name,type_id,capacity,park_id) VALUES ('Sbandieratori Di Sansepolcro',7,400,2);
INSERT INTO rides(name,type_id,capacity,park_id) VALUES ('Reflections of China',7,1000,2);
INSERT INTO rides(name,type_id,capacity,park_id) VALUES ('Quickstep',7,70,2);
INSERT INTO rides(name,type_id,capacity,park_id) VALUES ('Mariachi Cobre',7,130,2);
INSERT INTO rides(name,type_id,capacity,park_id) VALUES ('O Canada!',7,610,2);
INSERT INTO rides(name,type_id,capacity,park_id) VALUES ('Toy Story Midway Mania!',2,720,3);
INSERT INTO rides(name,type_id,capacity,park_id) VALUES ('The Twilight Zone Tower of Terror',2,1260,3);
INSERT INTO rides(name,type_id,capacity,park_id) VALUES ('The Great Movie Ride',2,1940,3);
INSERT INTO rides(name,type_id,capacity,park_id) VALUES ('Star Tours: The Adventures Continue',2,1900,3);
INSERT INTO rides(name,type_id,capacity,park_id) VALUES ('Rock ''n'' Roller Coaster Starring Aerosmith',2,1800,3);
INSERT INTO rides(name,type_id,capacity,park_id) VALUES ('Academy of Television Arts and Sciences Hall of Fame Plaza',3,NULL,3);
INSERT INTO rides(name,type_id,capacity,park_id) VALUES ('Star Wars Launch Bay Theater',3,NULL,3);
INSERT INTO rides(name,type_id,capacity,park_id) VALUES ('Star Wars Launch Bay',3,1600,3);
INSERT INTO rides(name,type_id,capacity,park_id) VALUES ('Adventure Happens Here Dance Party',4,NULL,3);
INSERT INTO rides(name,type_id,capacity,park_id) VALUES ('Pirate and Princess Adventures',4,NULL,3);
INSERT INTO rides(name,type_id,capacity,park_id) VALUES ('Meet Mike & Sulley near Streets of America',4,500,3);
INSERT INTO rides(name,type_id,capacity,park_id) VALUES ('Meet Disney Pals near Center Stage',4,500,3);
INSERT INTO rides(name,type_id,capacity,park_id) VALUES ('Meet Disney Junior Pals in the Animation Courtyard',4,500,3);
INSERT INTO rides(name,type_id,capacity,park_id) VALUES ('Meet Chewbacca at Star Wars Launch Bay',4,500,3);
INSERT INTO rides(name,type_id,capacity,park_id) VALUES ('Meet a Favorite Star on Mickey Avenue',4,500,3);
INSERT INTO rides(name,type_id,capacity,park_id) VALUES ('Club Disney',4,NULL,3);
INSERT INTO rides(name,type_id,capacity,park_id) VALUES ('Encounter Kylo Ren at Star Wars Launch Bay',4,500,3);
INSERT INTO rides(name,type_id,capacity,park_id) VALUES ('Honey, I Shrunk the Kids Movie Set Adventure',4,720,3);
INSERT INTO rides(name,type_id,capacity,park_id) VALUES ('Meet Buzz Lightyear & Woody at Pixar Place',4,500,3);
INSERT INTO rides(name,type_id,capacity,park_id) VALUES ('Muppet*Vision 3D',7,1690,3);
INSERT INTO rides(name,type_id,capacity,park_id) VALUES ('Indiana Jones Epic Stunt Spectacular!',7,2150,3);
INSERT INTO rides(name,type_id,capacity,park_id) VALUES ('Jedi Training: Trials of the Temple',7,190,3);
INSERT INTO rides(name,type_id,capacity,park_id) VALUES ('For the First Time in Forever: A Frozen Sing-Along Celebration',7,1100,3);
INSERT INTO rides(name,type_id,capacity,park_id) VALUES ('Fantasmic!',7,10000,3);
INSERT INTO rides(name,type_id,capacity,park_id) VALUES ('Lights, Motors, Action! Extreme Stunt Show',7,5000,3);
INSERT INTO rides(name,type_id,capacity,park_id) VALUES ('Star Wars: Path of the Jedi',7,2100,3);
INSERT INTO rides(name,type_id,capacity,park_id) VALUES ('Symphony in the Stars: A Galactic Spectacular',7,NULL,3);
INSERT INTO rides(name,type_id,capacity,park_id) VALUES ('The Citizens of Hollywood Cavalcade of Stars',7,400,3);
INSERT INTO rides(name,type_id,capacity,park_id) VALUES ('Disney Junior - Live on Stage!',7,160,3);
INSERT INTO rides(name,type_id,capacity,park_id) VALUES ('Beauty and the Beast-Live on Stage',7,1500,3);
INSERT INTO rides(name,type_id,capacity,park_id) VALUES ('Voyage of The Little Mermaid',7,1000,3);
INSERT INTO rides(name,type_id,capacity,park_id) VALUES ('Walt Disney: One Man''s Dream',7,NULL,3);
INSERT INTO rides(name,type_id,capacity,park_id) VALUES ('Fossil Fun Games',23,1170,4);
INSERT INTO rides(name,type_id,capacity,park_id) VALUES ('Primeval Whirl',1,900,4);
INSERT INTO rides(name,type_id,capacity,park_id) VALUES ('Expedition Everest',1,2050,4);
INSERT INTO rides(name,type_id,capacity,park_id) VALUES ('Navi River Journey',2,1920,4);
INSERT INTO rides(name,type_id,capacity,park_id) VALUES ('Avatar - Flight Of Passage',2,1800,4);
INSERT INTO rides(name,type_id,capacity,park_id) VALUES ('DINOSAUR',2,2400,4);
INSERT INTO rides(name,type_id,capacity,park_id) VALUES ('African Elephants - Disney Animals',3,NULL,4);
INSERT INTO rides(name,type_id,capacity,park_id) VALUES ('Tigers - Disney Animals',3,NULL,4);
INSERT INTO rides(name,type_id,capacity,park_id) VALUES ('The Oasis Exhibits',3,NULL,4);
INSERT INTO rides(name,type_id,capacity,park_id) VALUES ('Tamarins - Disney Animals',3,NULL,4);
INSERT INTO rides(name,type_id,capacity,park_id) VALUES ('Rhinos - Disney Animals',3,NULL,4);
INSERT INTO rides(name,type_id,capacity,park_id) VALUES ('Pangani Forest Exploration Trail',3,NULL,4);
INSERT INTO rides(name,type_id,capacity,park_id) VALUES ('Migratory Birds - Disney Animals',3,NULL,4);
INSERT INTO rides(name,type_id,capacity,park_id) VALUES ('Maharajah Jungle Trek',3,NULL,4);
INSERT INTO rides(name,type_id,capacity,park_id) VALUES ('Lions - Disney Animals',3,NULL,4);
INSERT INTO rides(name,type_id,capacity,park_id) VALUES ('Habitat Habit!',3,NULL,4);
INSERT INTO rides(name,type_id,capacity,park_id) VALUES ('Conservation Station',3,NULL,4);
INSERT INTO rides(name,type_id,capacity,park_id) VALUES ('Dino-Sue',3,500,4);
INSERT INTO rides(name,type_id,capacity,park_id) VALUES ('Discovery Island Trails',3,NULL,4);
INSERT INTO rides(name,type_id,capacity,park_id) VALUES ('Disney Animals',3,NULL,4);
INSERT INTO rides(name,type_id,capacity,park_id) VALUES ('Gorillas - Disney Animals',3,NULL,4);
INSERT INTO rides(name,type_id,capacity,park_id) VALUES ('Meet Tarzan on Discovery Island',4,500,4);
INSERT INTO rides(name,type_id,capacity,park_id) VALUES ('Tree of Life',4,NULL,4);
INSERT INTO rides(name,type_id,capacity,park_id) VALUES ('The Lion Guard Adventure',4,NULL,4);
INSERT INTO rides(name,type_id,capacity,park_id) VALUES ('Meet Your Chipmunk Buddies at Rafiki''s Planet Watch',4,500,4);
INSERT INTO rides(name,type_id,capacity,park_id) VALUES ('Meet the #1 Duck in DinoLand U.S.A.',4,500,4);
INSERT INTO rides(name,type_id,capacity,park_id) VALUES ('Meet Russell and Dug at Discovery Island',4,500,4);
INSERT INTO rides(name,type_id,capacity,park_id) VALUES ('Meet Rafiki at Rafiki''s Planet Watch',4,500,4);
INSERT INTO rides(name,type_id,capacity,park_id) VALUES ('Meet Pocahontas at Character Landing',4,500,4);
INSERT INTO rides(name,type_id,capacity,park_id) VALUES ('Meet Goofy & Pluto in DinoLand U.S.A.',4,500,4);
INSERT INTO rides(name,type_id,capacity,park_id) VALUES ('Meet Favorite Disney Pals at Adventurers Outpost',4,500,4);
INSERT INTO rides(name,type_id,capacity,park_id) VALUES ('Meet Baloo and King Louie at Upcountry Landing',4,500,4);
INSERT INTO rides(name,type_id,capacity,park_id) VALUES ('Wilderness Explorers',4,NULL,4);
INSERT INTO rides(name,type_id,capacity,park_id) VALUES ('Affection Section',4,NULL,4);
INSERT INTO rides(name,type_id,capacity,park_id) VALUES ('TriceraTop Spin',6,960,4);
INSERT INTO rides(name,type_id,capacity,park_id) VALUES ('DJ Anaan',7,600,4);
INSERT INTO rides(name,type_id,capacity,park_id) VALUES ('Viva Gaia Street Band!',7,330,4);
INSERT INTO rides(name,type_id,capacity,park_id) VALUES ('Winged Encounters - The Kingdom Takes Flight',7,NULL,4);
INSERT INTO rides(name,type_id,capacity,park_id) VALUES ('Rivers Of Light',7,NULL,4);
INSERT INTO rides(name,type_id,capacity,park_id) VALUES ('Burudika',7,200,4);
INSERT INTO rides(name,type_id,capacity,park_id) VALUES ('Chakranadi',7,80,4);
INSERT INTO rides(name,type_id,capacity,park_id) VALUES ('Tam Tam Drummers of Harambe',7,350,4);
INSERT INTO rides(name,type_id,capacity,park_id) VALUES ('Festival of the Lion King',7,1380,4);
INSERT INTO rides(name,type_id,capacity,park_id) VALUES ('Finding Nemo - The Musical',7,1500,4);
INSERT INTO rides(name,type_id,capacity,park_id) VALUES ('Flights of Wonder',7,500,4);
INSERT INTO rides(name,type_id,capacity,park_id) VALUES ('It''s Tough to be a Bug!',7,2580,4);
INSERT INTO rides(name,type_id,capacity,park_id) VALUES ('Gi-Tar Dan at Rafiki''s Planet Watch',7,500,4);
INSERT INTO rides(name,type_id,capacity,park_id) VALUES ('Wildlife Express Train',8,2500,4);
INSERT INTO rides(name,type_id,capacity,park_id) VALUES ('Kilimanjaro Safaris',8,3000,4);
INSERT INTO rides(name,type_id,capacity,park_id) VALUES ('Revenge of the Mummy',1,NULL,7);
INSERT INTO rides(name,type_id,capacity,park_id) VALUES ('Flight of the Hippogriff',1,NULL,7);
INSERT INTO rides(name,type_id,capacity,park_id) VALUES ('Transformers: The Ride-3D',2,2880,7);
INSERT INTO rides(name,type_id,capacity,park_id) VALUES ('Despicable Me Minion Mayhem',2,580,7);
INSERT INTO rides(name,type_id,capacity,park_id) VALUES ('The Simpsons Ride',2,2000,7);
INSERT INTO rides(name,type_id,capacity,park_id) VALUES ('Revenge of the Mummy',2,3840,7);
INSERT INTO rides(name,type_id,capacity,park_id) VALUES ('Harry Potter and the Forbidden Journey',2,NULL,7);
INSERT INTO rides(name,type_id,capacity,park_id) VALUES ('Super Silly Fun Land',4,NULL,7);
INSERT INTO rides(name,type_id,capacity,park_id) VALUES ('Characters in the Park',4,500,7);
INSERT INTO rides(name,type_id,capacity,park_id) VALUES ('Shrek 4-D',7,3000,7);
INSERT INTO rides(name,type_id,capacity,park_id) VALUES ('Triwizard Spirit Rally',7,NULL,7);
INSERT INTO rides(name,type_id,capacity,park_id) VALUES ('Frog Choir',7,NULL,7);
INSERT INTO rides(name,type_id,capacity,park_id) VALUES ('Universal''s Animal Actors',7,950,7);
INSERT INTO rides(name,type_id,capacity,park_id) VALUES ('Special Effects Show',7,1700,7);
INSERT INTO rides(name,type_id,capacity,park_id) VALUES ('WaterWorld',7,2500,7);
INSERT INTO rides(name,type_id,capacity,park_id) VALUES ('King Kong 360 3-D',7,NULL,7);
INSERT INTO rides(name,type_id,capacity,park_id) VALUES ('Fast & Furious Supercharged',7,NULL,7);
INSERT INTO rides(name,type_id,capacity,park_id) VALUES ('Jurassic Park: The Ride',9,3000,7);
INSERT INTO rides(name,type_id,capacity,park_id) VALUES ('Hollywood Rip Ride Rockit',1,1800,8);
INSERT INTO rides(name,type_id,capacity,park_id) VALUES ('Revenge of the Mummy',2,2000,8);
INSERT INTO rides(name,type_id,capacity,park_id) VALUES ('Harry Potter and the Escape from Gringotts',2,1400,8);
INSERT INTO rides(name,type_id,capacity,park_id) VALUES ('The Simpsons Ride',2,2000,8);
INSERT INTO rides(name,type_id,capacity,park_id) VALUES ('TRANSFORMERS: The Ride-3D',2,2160,8);
INSERT INTO rides(name,type_id,capacity,park_id) VALUES ('Despicable Me Minion Mayhem',2,580,8);
INSERT INTO rides(name,type_id,capacity,park_id) VALUES ('E.T. Adventure',2,150,8);
INSERT INTO rides(name,type_id,capacity,park_id) VALUES ('MEN IN BLACK Alien Attack',2,2200,8);
INSERT INTO rides(name,type_id,capacity,park_id) VALUES ('The Knight Bus',3,NULL,8);
INSERT INTO rides(name,type_id,capacity,park_id) VALUES ('Knockturn Alley',3,NULL,8);
INSERT INTO rides(name,type_id,capacity,park_id) VALUES ('Curious George Goes To Town',4,1200,8);
INSERT INTO rides(name,type_id,capacity,park_id) VALUES ('Fievel''s Playland',4,1100,8);
INSERT INTO rides(name,type_id,capacity,park_id) VALUES ('Woody Woodpecker''s Nuthouse Coaster',5,800,8);
INSERT INTO rides(name,type_id,capacity,park_id) VALUES ('Kang & Kodos'' Twirl ''n'' Hurl',6,480,8);
INSERT INTO rides(name,type_id,capacity,park_id) VALUES ('Universal Superstar Parade',7,NULL,8);
INSERT INTO rides(name,type_id,capacity,park_id) VALUES ('Universal Cinematic Spectacular',7,NULL,8);
INSERT INTO rides(name,type_id,capacity,park_id) VALUES ('Race Through New York Starring Jimmy Fallon',7,NULL,8);
INSERT INTO rides(name,type_id,capacity,park_id) VALUES ('Universal Orlando''s Horror Make-Up Show',7,100,8);
INSERT INTO rides(name,type_id,capacity,park_id) VALUES ('Fear Factor Live',7,650,8);
INSERT INTO rides(name,type_id,capacity,park_id) VALUES ('A Day in the Park with Barney',7,250,8);
INSERT INTO rides(name,type_id,capacity,park_id) VALUES ('The Blues Brothers',7,500,8);
INSERT INTO rides(name,type_id,capacity,park_id) VALUES ('Animal Actors On Location',7,570,8);
INSERT INTO rides(name,type_id,capacity,park_id) VALUES ('Terminator 2: 3-D',7,4500,8);
INSERT INTO rides(name,type_id,capacity,park_id) VALUES ('Shrek 4-D',7,3000,8);
INSERT INTO rides(name,type_id,capacity,park_id) VALUES ('The Hogwarts Express',8,1200,8);
INSERT INTO rides(name,type_id,capacity,park_id) VALUES ('The Incredible Hulk',1,1920,9);
INSERT INTO rides(name,type_id,capacity,park_id) VALUES ('Dragon Challenge',1,2560,9);
INSERT INTO rides(name,type_id,capacity,park_id) VALUES ('Flight of the Hippogriff',1,960,9);
INSERT INTO rides(name,type_id,capacity,park_id) VALUES ('The Cat In the Hat',2,2120,9);
INSERT INTO rides(name,type_id,capacity,park_id) VALUES ('The Amazing Adventure of Spider Man',2,2160,9);
INSERT INTO rides(name,type_id,capacity,park_id) VALUES ('Harry Potter and the Forbidden Journey',2,3430,9);
INSERT INTO rides(name,type_id,capacity,park_id) VALUES ('Jurassic Park Discovery Center',3,1000,9);
INSERT INTO rides(name,type_id,capacity,park_id) VALUES ('Camp Jurassic',4,500,9);
INSERT INTO rides(name,type_id,capacity,park_id) VALUES ('If I Ran the Zoo',4,200,9);
INSERT INTO rides(name,type_id,capacity,park_id) VALUES ('The Mystic Fountain',4,1000,9);
INSERT INTO rides(name,type_id,capacity,park_id) VALUES ('Meet Spider Man and the Marvel Super Heroes',4,100,9);
INSERT INTO rides(name,type_id,capacity,park_id) VALUES ('Classic Comic Book Characters',4,100,9);
INSERT INTO rides(name,type_id,capacity,park_id) VALUES ('Seuss Character Zone',4,100,9);
INSERT INTO rides(name,type_id,capacity,park_id) VALUES ('Me Ship, The Olive',4,500,9);
INSERT INTO rides(name,type_id,capacity,park_id) VALUES ('Pteranodon Flyers',5,170,9);
INSERT INTO rides(name,type_id,capacity,park_id) VALUES ('The High in the Sky Seuss Trolley Train Ride',5,420,9);
INSERT INTO rides(name,type_id,capacity,park_id) VALUES ('One Fish, Two Fish, Red Fish, Blue Fish',5,720,9);
INSERT INTO rides(name,type_id,capacity,park_id) VALUES ('Storm Force Accelatron',6,720,9);
INSERT INTO rides(name,type_id,capacity,park_id) VALUES ('Caro-Seuss-El',6,960,9);
INSERT INTO rides(name,type_id,capacity,park_id) VALUES ('The Eighth Voyage of Sindbad Stunt Show',7,1500,9);
INSERT INTO rides(name,type_id,capacity,park_id) VALUES ('Oh! The Stories You''ll Hear',7,100,9);
INSERT INTO rides(name,type_id,capacity,park_id) VALUES ('Theatre Magic',7,200,9);
INSERT INTO rides(name,type_id,capacity,park_id) VALUES ('Poseidon''s Fury',7,560,9);
INSERT INTO rides(name,type_id,capacity,park_id) VALUES ('Doctor Doom''s Freefall',16,480,9);
INSERT INTO rides(name,type_id,capacity,park_id) VALUES ('Hogwarts Express',8,1200,9);
INSERT INTO rides(name,type_id,capacity,park_id) VALUES ('Jurassic Park River Adventure',9,1790,9);
INSERT INTO rides(name,type_id,capacity,park_id) VALUES ('Dudley Do-Right''s Ripsaw Falls',9,1200,9);
INSERT INTO rides(name,type_id,capacity,park_id) VALUES ('Popeye & Bluto''s Bilge-Rat Barges',9,2400,9);
INSERT INTO rides(name,type_id,capacity,park_id) VALUES ('Frontierland Shootin'' Exposition',23,NULL,10);
INSERT INTO rides(name,type_id,capacity,park_id) VALUES ('Gadget''s Go Coaster',1,780,10);
INSERT INTO rides(name,type_id,capacity,park_id) VALUES ('Matterhorn Bobsleds',1,1500,10);
INSERT INTO rides(name,type_id,capacity,park_id) VALUES ('Big Thunder Mountain Railroad',1,2400,10);
INSERT INTO rides(name,type_id,capacity,park_id) VALUES ('Pinocchio''s Daring Journey',2,600,10);
INSERT INTO rides(name,type_id,capacity,park_id) VALUES ('Haunted Mansion',2,2620,10);
INSERT INTO rides(name,type_id,capacity,park_id) VALUES ('Hyperspace Mountain',2,2000,10);
INSERT INTO rides(name,type_id,capacity,park_id) VALUES ('Indiana Jones Adventure',2,2160,10);
INSERT INTO rides(name,type_id,capacity,park_id) VALUES ('It''s a Small World',2,1000,10);
INSERT INTO rides(name,type_id,capacity,park_id) VALUES ('Many Adventures of Winnie the Pooh',2,1260,10);
INSERT INTO rides(name,type_id,capacity,park_id) VALUES ('Mr. Toad''s Wild Ride',2,720,10);
INSERT INTO rides(name,type_id,capacity,park_id) VALUES ('Peter Pan''s Flight',2,400,10);
INSERT INTO rides(name,type_id,capacity,park_id) VALUES ('Buzz Lightyear Astro Blasters',2,3200,10);
INSERT INTO rides(name,type_id,capacity,park_id) VALUES ('Pirates of the Caribbean',2,3400,10);
INSERT INTO rides(name,type_id,capacity,park_id) VALUES ('Roger Rabbit''s Car Toon Spin',2,650,10);
INSERT INTO rides(name,type_id,capacity,park_id) VALUES ('Alice in Wonderland',2,480,10);
INSERT INTO rides(name,type_id,capacity,park_id) VALUES ('Snow White''s Adventures',2,530,10);
INSERT INTO rides(name,type_id,capacity,park_id) VALUES ('Star Tours',2,740,10);
INSERT INTO rides(name,type_id,capacity,park_id) VALUES ('Star Wars Launch Bay',3,1600,10);
INSERT INTO rides(name,type_id,capacity,park_id) VALUES ('Pirate''s Lair on Tom Sawyer Island',4,NULL,10);
INSERT INTO rides(name,type_id,capacity,park_id) VALUES ('The Disney Gallery',4,50,10);
INSERT INTO rides(name,type_id,capacity,park_id) VALUES ('Minnie''s House',4,200,10);
INSERT INTO rides(name,type_id,capacity,park_id) VALUES ('Mickey''s House and Meet Mickey',4,200,10);
INSERT INTO rides(name,type_id,capacity,park_id) VALUES ('Meet Tinker Bell & a Fairy Friend at Pixie Hollow',4,500,10);
INSERT INTO rides(name,type_id,capacity,park_id) VALUES ('Sailing Ship Columbia',4,390,10);
INSERT INTO rides(name,type_id,capacity,park_id) VALUES ('Sleeping Beauty Castle Walkthrough',4,NULL,10);
INSERT INTO rides(name,type_id,capacity,park_id) VALUES ('Super Hero HQ',4,500,10);
INSERT INTO rides(name,type_id,capacity,park_id) VALUES ('Goofy''s Playhouse',4,NULL,10);
INSERT INTO rides(name,type_id,capacity,park_id) VALUES ('Chip n Dale''s Treehouse',4,200,10);
INSERT INTO rides(name,type_id,capacity,park_id) VALUES ('Donald''s Boat',4,200,10);
INSERT INTO rides(name,type_id,capacity,park_id) VALUES ('Tarzan''s Treehouse',4,600,10);
INSERT INTO rides(name,type_id,capacity,park_id) VALUES ('Fantasy Faire',4,500,10);
INSERT INTO rides(name,type_id,capacity,park_id) VALUES ('Finding Nemo Submarine Voyage',4,900,10);
INSERT INTO rides(name,type_id,capacity,park_id) VALUES ('Dumbo the Flying Elephant',5,340,10);
INSERT INTO rides(name,type_id,capacity,park_id) VALUES ('King Arthur Carrousel',6,1200,10);
INSERT INTO rides(name,type_id,capacity,park_id) VALUES ('Mad Tea Party',6,1100,10);
INSERT INTO rides(name,type_id,capacity,park_id) VALUES ('Astro Orbitor',6,480,10);
INSERT INTO rides(name,type_id,capacity,park_id) VALUES ('Autopia',6,1800,10);
INSERT INTO rides(name,type_id,capacity,park_id) VALUES ('Casey Jr. Circus Train',6,840,10);
INSERT INTO rides(name,type_id,capacity,park_id) VALUES ('Jedi Training: Trials of the Temple',7,100,10);
INSERT INTO rides(name,type_id,capacity,park_id) VALUES ('Main Street Cinema',7,400,10);
INSERT INTO rides(name,type_id,capacity,park_id) VALUES ('Mickey and the Magical Map',7,1800,10);
INSERT INTO rides(name,type_id,capacity,park_id) VALUES ('Star Wars: Path of the Jedi',7,700,10);
INSERT INTO rides(name,type_id,capacity,park_id) VALUES ('The Disneyland Story presenting Great Moments with Mr. Lincoln',7,1000,10);
INSERT INTO rides(name,type_id,capacity,park_id) VALUES ('Fireworks at Disneyland Park',7,NULL,10);
INSERT INTO rides(name,type_id,capacity,park_id) VALUES ('Paint the Night',7,NULL,10);
INSERT INTO rides(name,type_id,capacity,park_id) VALUES ('Disneyland Forever',7,NULL,10);
INSERT INTO rides(name,type_id,capacity,park_id) VALUES ('Mickey''s Soundsational Parade',7,NULL,10);
INSERT INTO rides(name,type_id,capacity,park_id) VALUES ('Enchanted Tiki Room',7,1380,10);
INSERT INTO rides(name,type_id,capacity,park_id) VALUES ('Fantasmic!',7,NULL,10);
INSERT INTO rides(name,type_id,capacity,park_id) VALUES ('Disneyland Monorail',8,2000,10);
INSERT INTO rides(name,type_id,capacity,park_id) VALUES ('Disneyland Railroad',8,1300,10);
INSERT INTO rides(name,type_id,capacity,park_id) VALUES ('Mark Twain Riverboat',8,1430,10);
INSERT INTO rides(name,type_id,capacity,park_id) VALUES ('Main Street Vehicles',8,NULL,10);
INSERT INTO rides(name,type_id,capacity,park_id) VALUES ('Davy Crockett''s Explorer Canoes',9,340,10);
INSERT INTO rides(name,type_id,capacity,park_id) VALUES ('Splash Mountain',9,600,10);
INSERT INTO rides(name,type_id,capacity,park_id) VALUES ('Storybook Land Canal Boats',9,840,10);
INSERT INTO rides(name,type_id,capacity,park_id) VALUES ('Jungle Cruise',9,800,10);
INSERT INTO rides(name,type_id,capacity,park_id) VALUES ('Games of the Boardwalk',23,900,11);
INSERT INTO rides(name,type_id,capacity,park_id) VALUES ('California Screamin''',1,2300,11);
INSERT INTO rides(name,type_id,capacity,park_id) VALUES ('Goofy''s Sky School',1,960,11);
INSERT INTO rides(name,type_id,capacity,park_id) VALUES ('California Screamin''',1,NULL,11);
INSERT INTO rides(name,type_id,capacity,park_id) VALUES ('Goofy''s Sky School',1,NULL,11);
INSERT INTO rides(name,type_id,capacity,park_id) VALUES ('Toy Story Midway Mania!',2,1600,11);
INSERT INTO rides(name,type_id,capacity,park_id) VALUES ('Monsters, Inc. Mike & Sulley to the Rescue!',2,1620,11);
INSERT INTO rides(name,type_id,capacity,park_id) VALUES ('The Little Mermaid ~ Ariel''s Undersea Adventure',2,1600,11);
INSERT INTO rides(name,type_id,capacity,park_id) VALUES ('The Bakery Tour',3,NULL,11);
INSERT INTO rides(name,type_id,capacity,park_id) VALUES ('Sorcerer''s Workshop',3,NULL,11);
INSERT INTO rides(name,type_id,capacity,park_id) VALUES ('Meet Friends from Toy Story at Paradise Pier',4,500,11);
INSERT INTO rides(name,type_id,capacity,park_id) VALUES ('Meet Disney Pals on Buena Vista Street',4,500,11);
INSERT INTO rides(name,type_id,capacity,park_id) VALUES ('Anna & Elsa''s Royal Welcome',4,500,11);
INSERT INTO rides(name,type_id,capacity,park_id) VALUES ('Redwood Creek Challenge Trail',4,NULL,11);
INSERT INTO rides(name,type_id,capacity,park_id) VALUES ('Meet Olaf in Hollywood Land',4,500,11);
INSERT INTO rides(name,type_id,capacity,park_id) VALUES ('Princess Dot Puddle Park',4,NULL,11);
INSERT INTO rides(name,type_id,capacity,park_id) VALUES ('Animation Academy',4,120,11);
INSERT INTO rides(name,type_id,capacity,park_id) VALUES ('Meet Oswald the Lucky Rabbit on Buena Vista Street',4,500,11);
INSERT INTO rides(name,type_id,capacity,park_id) VALUES ('Meet the Residents of Radiator Springs in Cars Land',4,500,11);
INSERT INTO rides(name,type_id,capacity,park_id) VALUES ('Tuck and Roll''s Drive ''Em Buggies',5,420,11);
INSERT INTO rides(name,type_id,capacity,park_id) VALUES ('Mater''s Junkyard Jamboree',6,600,11);
INSERT INTO rides(name,type_id,capacity,park_id) VALUES ('King Triton''s Carousel',6,900,11);
INSERT INTO rides(name,type_id,capacity,park_id) VALUES ('Flik''s Flyers',6,640,11);
INSERT INTO rides(name,type_id,capacity,park_id) VALUES ('Francis'' Ladybug Boogie',6,640,11);
INSERT INTO rides(name,type_id,capacity,park_id) VALUES ('Silly Symphony Swings',6,720,11);
INSERT INTO rides(name,type_id,capacity,park_id) VALUES ('Golden Zephyr',6,900,11);
INSERT INTO rides(name,type_id,capacity,park_id) VALUES ('Radiator Springs Racers',6,1500,11);
INSERT INTO rides(name,type_id,capacity,park_id) VALUES ('Heimlich''s Chew Chew Train',6,320,11);
INSERT INTO rides(name,type_id,capacity,park_id) VALUES ('Mickey''s Fun Wheel',6,720,11);
INSERT INTO rides(name,type_id,capacity,park_id) VALUES ('Turtle Talk with Crush',7,600,11);
INSERT INTO rides(name,type_id,capacity,park_id) VALUES ('Disney Zootopia Sneak Peek',7,NULL,11);
INSERT INTO rides(name,type_id,capacity,park_id) VALUES ('Pixar Play Parade',7,NULL,11);
INSERT INTO rides(name,type_id,capacity,park_id) VALUES ('World of Color: Celebrate!',7,NULL,11);
INSERT INTO rides(name,type_id,capacity,park_id) VALUES ('Disney Junior - Live on Stage!',7,900,11);
INSERT INTO rides(name,type_id,capacity,park_id) VALUES ('Five & Dime',7,NULL,11);
INSERT INTO rides(name,type_id,capacity,park_id) VALUES ('For the First Time in Forever: A Frozen Sing-Along Celebration',7,560,11);
INSERT INTO rides(name,type_id,capacity,park_id) VALUES ('Red Car Trolley News Boys',7,NULL,11);
INSERT INTO rides(name,type_id,capacity,park_id) VALUES ('Diamond Mad T Party',7,NULL,11);
INSERT INTO rides(name,type_id,capacity,park_id) VALUES ('It''s Tough to be a Bug!',7,1020,11);
INSERT INTO rides(name,type_id,capacity,park_id) VALUES ('Soarin'' Over California',7,870,11);
INSERT INTO rides(name,type_id,capacity,park_id) VALUES ('Guardians Of The Galaxy: Mission Breakout',16,1540,11);
INSERT INTO rides(name,type_id,capacity,park_id) VALUES ('Jumpin'' Jellyfish',16,240,11);
INSERT INTO rides(name,type_id,capacity,park_id) VALUES ('The Twilight Zone Tower of Terror',16,1540,11);
INSERT INTO rides(name,type_id,capacity,park_id) VALUES ('Red Car Trolley',8,NULL,11);
INSERT INTO rides(name,type_id,capacity,park_id) VALUES ('Grizzly River Run',9,1600,11);
INSERT INTO rides(name,type_id,capacity,park_id) VALUES ('Raging Spirits',1,700,12);
INSERT INTO rides(name,type_id,capacity,park_id) VALUES ('Toy Story Manial',2,960,12);
INSERT INTO rides(name,type_id,capacity,park_id) VALUES ('Sinbad''s Storybook Voyage',2,700,12);
INSERT INTO rides(name,type_id,capacity,park_id) VALUES ('Blowfish Balloon Race',2,600,12);
INSERT INTO rides(name,type_id,capacity,park_id) VALUES ('Jumpin Jellyfish',2,600,12);
INSERT INTO rides(name,type_id,capacity,park_id) VALUES ('Journey to the Center of the Earth',2,700,12);
INSERT INTO rides(name,type_id,capacity,park_id) VALUES ('Indiana Jones Adventure: Temple of the Crystal Skull',2,2160,12);
INSERT INTO rides(name,type_id,capacity,park_id) VALUES ('Fortress Explorations',3,600,12);
INSERT INTO rides(name,type_id,capacity,park_id) VALUES ('DisneySea Plaza',4,500,12);
INSERT INTO rides(name,type_id,capacity,park_id) VALUES ('Waterfront Park',4,500,12);
INSERT INTO rides(name,type_id,capacity,park_id) VALUES ('Village Greeting Place',4,500,12);
INSERT INTO rides(name,type_id,capacity,park_id) VALUES ('Saludos Amigos! Greeting Dock',4,500,12);
INSERT INTO rides(name,type_id,capacity,park_id) VALUES ('Mickey & Friends'' Greeting Trails (Goofy)',4,500,12);
INSERT INTO rides(name,type_id,capacity,park_id) VALUES ('Mickey & Friends'' Greeting Trails (Mickey Mouse)',4,500,12);
INSERT INTO rides(name,type_id,capacity,park_id) VALUES ('Mickey & Friends'' Greeting Trails (Minnie Mouse)',4,500,12);
INSERT INTO rides(name,type_id,capacity,park_id) VALUES ('Arabian Coast',4,500,12);
INSERT INTO rides(name,type_id,capacity,park_id) VALUES ('Ariel''s Playground',4,500,12);
INSERT INTO rides(name,type_id,capacity,park_id) VALUES ('Ariel''s Greeting Grotto',4,500,12);
INSERT INTO rides(name,type_id,capacity,park_id) VALUES ('Flounder''s Flying Fish Coaster',5,500,12);
INSERT INTO rides(name,type_id,capacity,park_id) VALUES ('Jasmine''s Flying Carpets',6,720,12);
INSERT INTO rides(name,type_id,capacity,park_id) VALUES ('Caravan Carousel',6,3800,12);
INSERT INTO rides(name,type_id,capacity,park_id) VALUES ('Scuttle''s Scooters',6,500,12);
INSERT INTO rides(name,type_id,capacity,park_id) VALUES ('The Whirlpool',6,500,12);
INSERT INTO rides(name,type_id,capacity,park_id) VALUES ('Happiness on High',7,NULL,12);
INSERT INTO rides(name,type_id,capacity,park_id) VALUES ('King Triton''s Concert',7,NULL,12);
INSERT INTO rides(name,type_id,capacity,park_id) VALUES ('A Table is Waiting',7,500,12);
INSERT INTO rides(name,type_id,capacity,park_id) VALUES ('Fantasmic!',7,NULL,12);
INSERT INTO rides(name,type_id,capacity,park_id) VALUES ('Come Join Your Friends',7,NULL,12);
INSERT INTO rides(name,type_id,capacity,park_id) VALUES ('Turtle Talk',7,360,12);
INSERT INTO rides(name,type_id,capacity,park_id) VALUES ('The Magic Lamp Theater',7,600,12);
INSERT INTO rides(name,type_id,capacity,park_id) VALUES ('StormRider',7,900,12);
INSERT INTO rides(name,type_id,capacity,park_id) VALUES ('My Friend Duffy',7,300,12);
INSERT INTO rides(name,type_id,capacity,park_id) VALUES ('Mermaid Lagoon Theater',7,2100,12);
INSERT INTO rides(name,type_id,capacity,park_id) VALUES ('Big Band Beat',7,1500,12);
INSERT INTO rides(name,type_id,capacity,park_id) VALUES ('Tower of Terror',16,700,12);
INSERT INTO rides(name,type_id,capacity,park_id) VALUES ('Venetian Gondolas',8,700,12);
INSERT INTO rides(name,type_id,capacity,park_id) VALUES ('DisneySea Transit Steamer Line',8,800,12);
INSERT INTO rides(name,type_id,capacity,park_id) VALUES ('DisneySea Electric Railway',8,5000,12);
INSERT INTO rides(name,type_id,capacity,park_id) VALUES ('Big City Vehicles',8,300,12);
INSERT INTO rides(name,type_id,capacity,park_id) VALUES ('Aquatopia',9,700,12);
INSERT INTO rides(name,type_id,capacity,park_id) VALUES ('20,000 Leagues Under the Sea',9,400,12);
INSERT INTO rides(name,type_id,capacity,park_id) VALUES ('Finding Nemo Ride',9,NULL,12);
INSERT INTO rides(name,type_id,capacity,park_id) VALUES ('Penny Arcade',23,100,13);
INSERT INTO rides(name,type_id,capacity,park_id) VALUES ('Westernland Shootin Gallery',23,30,13);
INSERT INTO rides(name,type_id,capacity,park_id) VALUES ('Big Thunder Mountain',1,900,13);
INSERT INTO rides(name,type_id,capacity,park_id) VALUES ('Space Mountain',2,1730,13);
INSERT INTO rides(name,type_id,capacity,park_id) VALUES ('Monster''s Inc Ride & Go Seek',2,450,13);
INSERT INTO rides(name,type_id,capacity,park_id) VALUES ('Peter Pan''s Flight',2,400,13);
INSERT INTO rides(name,type_id,capacity,park_id) VALUES ('Pinocchio''s Daring Journey',2,600,13);
INSERT INTO rides(name,type_id,capacity,park_id) VALUES ('Pirates of the Caribbean',2,1200,13);
INSERT INTO rides(name,type_id,capacity,park_id) VALUES ('Pooh''s Hunny Hunt',2,460,13);
INSERT INTO rides(name,type_id,capacity,park_id) VALUES ('It''s a Small World',2,1000,13);
INSERT INTO rides(name,type_id,capacity,park_id) VALUES ('Roger Rabbit''s Car Toon Spin',2,650,13);
INSERT INTO rides(name,type_id,capacity,park_id) VALUES ('Haunted Mansion',2,900,13);
INSERT INTO rides(name,type_id,capacity,park_id) VALUES ('Snow White''s Adventures',2,530,13);
INSERT INTO rides(name,type_id,capacity,park_id) VALUES ('Star Tours',2,740,13);
INSERT INTO rides(name,type_id,capacity,park_id) VALUES ('Buzz Lightyear',2,3200,13);
INSERT INTO rides(name,type_id,capacity,park_id) VALUES ('Cinderella''s Fairy Tale Hall',3,500,13);
INSERT INTO rides(name,type_id,capacity,park_id) VALUES ('Minnie''s House',3,200,13);
INSERT INTO rides(name,type_id,capacity,park_id) VALUES ('Main Entrance (On the side of Main Street House)',4,500,13);
INSERT INTO rides(name,type_id,capacity,park_id) VALUES ('Swiss Family Treehouse',4,120,13);
INSERT INTO rides(name,type_id,capacity,park_id) VALUES ('The Disney Gallery',4,50,13);
INSERT INTO rides(name,type_id,capacity,park_id) VALUES ('Toon Park',4,250,13);
INSERT INTO rides(name,type_id,capacity,park_id) VALUES ('Goofy''s Paint ''n'' Play House',4,240,13);
INSERT INTO rides(name,type_id,capacity,park_id) VALUES ('Main Entrance (On the side of Stroller & Wheelchair Rentals)',4,500,13);
INSERT INTO rides(name,type_id,capacity,park_id) VALUES ('Donald''s Boat',4,200,13);
INSERT INTO rides(name,type_id,capacity,park_id) VALUES ('Chip n Dale''s Treehouse',4,200,13);
INSERT INTO rides(name,type_id,capacity,park_id) VALUES ('Mickey''s House and Meet Mickey',4,500,13);
INSERT INTO rides(name,type_id,capacity,park_id) VALUES ('Gadget''s Go Coaster',5,780,13);
INSERT INTO rides(name,type_id,capacity,park_id) VALUES ('Alice''s Tea Party',6,690,13);
INSERT INTO rides(name,type_id,capacity,park_id) VALUES ('Dumbo the Flying Elephant',6,340,13);
INSERT INTO rides(name,type_id,capacity,park_id) VALUES ('Castle Carrousel',6,1080,13);
INSERT INTO rides(name,type_id,capacity,park_id) VALUES ('StarJets',6,340,13);
INSERT INTO rides(name,type_id,capacity,park_id) VALUES ('Grand Circuit Raceway',6,340,13);
INSERT INTO rides(name,type_id,capacity,park_id) VALUES ('Anna and Elsa''s Winter Greeting',7,NULL,13);
INSERT INTO rides(name,type_id,capacity,park_id) VALUES ('Once Upon a Time: Special Winter Edition',7,NULL,13);
INSERT INTO rides(name,type_id,capacity,park_id) VALUES ('Mickey''s Rainbow Luau',7,300,13);
INSERT INTO rides(name,type_id,capacity,park_id) VALUES ('Stitch Encounter',7,480,13);
INSERT INTO rides(name,type_id,capacity,park_id) VALUES ('Nighttime Parade',7,NULL,13);
INSERT INTO rides(name,type_id,capacity,park_id) VALUES ('Daytime Parade',7,NULL,13);
INSERT INTO rides(name,type_id,capacity,park_id) VALUES ('Happiness on High',7,NULL,13);
INSERT INTO rides(name,type_id,capacity,park_id) VALUES ('Frozen Fantasy Parade',7,NULL,13);
INSERT INTO rides(name,type_id,capacity,park_id) VALUES ('The Diamond Horseshoe',7,300,13);
INSERT INTO rides(name,type_id,capacity,park_id) VALUES ('Country Bear Theater',7,920,13);
INSERT INTO rides(name,type_id,capacity,park_id) VALUES ('Super-Duper Jumpin Time',7,600,13);
INSERT INTO rides(name,type_id,capacity,park_id) VALUES ('Enchanted Tiki Room',7,1380,13);
INSERT INTO rides(name,type_id,capacity,park_id) VALUES ('Horseshoe Roundup',7,300,13);
INSERT INTO rides(name,type_id,capacity,park_id) VALUES ('Lilo''s Luau',7,300,13);
INSERT INTO rides(name,type_id,capacity,park_id) VALUES ('Mickey''s PhilharMagic',7,910,13);
INSERT INTO rides(name,type_id,capacity,park_id) VALUES ('Minnie Oh! Minnie',7,600,13);
INSERT INTO rides(name,type_id,capacity,park_id) VALUES ('One Man''s Dream II - The Magic Lives On',7,600,13);
INSERT INTO rides(name,type_id,capacity,park_id) VALUES ('Tom Sawyer Island Rafts',8,1100,13);
INSERT INTO rides(name,type_id,capacity,park_id) VALUES ('Western River Railroad',8,2240,13);
INSERT INTO rides(name,type_id,capacity,park_id) VALUES ('Omnibus',8,500,13);
INSERT INTO rides(name,type_id,capacity,park_id) VALUES ('Mark Twain Riverboat',8,1430,13);
INSERT INTO rides(name,type_id,capacity,park_id) VALUES ('Splash Mountain',9,600,13);
INSERT INTO rides(name,type_id,capacity,park_id) VALUES ('Jungle Cruise',9,800,13);
INSERT INTO rides(name,type_id,capacity,park_id) VALUES ('Beaver Brothers Explorer Canoes',9,320,13);
INSERT INTO rides(name,type_id,capacity,park_id) VALUES ('Bobbaan',1,880,14);
INSERT INTO rides(name,type_id,capacity,park_id) VALUES ('Pegasus',1,NULL,14);
INSERT INTO rides(name,type_id,capacity,park_id) VALUES ('Python',1,1400,14);
INSERT INTO rides(name,type_id,capacity,park_id) VALUES ('De Vliegende Hollander',1,1900,14);
INSERT INTO rides(name,type_id,capacity,park_id) VALUES ('Joris En De Draak',1,1750,14);
INSERT INTO rides(name,type_id,capacity,park_id) VALUES ('Baron 1898',1,1000,14);
INSERT INTO rides(name,type_id,capacity,park_id) VALUES ('Symbolica',2,1440,14);
INSERT INTO rides(name,type_id,capacity,park_id) VALUES ('Vogel Rok',2,1600,14);
INSERT INTO rides(name,type_id,capacity,park_id) VALUES ('Villa Volta',2,1200,14);
INSERT INTO rides(name,type_id,capacity,park_id) VALUES ('Fata Morgana',2,1800,14);
INSERT INTO rides(name,type_id,capacity,park_id) VALUES ('Carnaval Festival',2,720,14);
INSERT INTO rides(name,type_id,capacity,park_id) VALUES ('Droomvlucht',2,1800,14);
INSERT INTO rides(name,type_id,capacity,park_id) VALUES ('Diorama',3,NULL,14);
INSERT INTO rides(name,type_id,capacity,park_id) VALUES ('Efteling Museum',3,NULL,14);
INSERT INTO rides(name,type_id,capacity,park_id) VALUES ('Fairytale Forest',3,NULL,14);
INSERT INTO rides(name,type_id,capacity,park_id) VALUES ('Holle Bolle Gijs',4,NULL,14);
INSERT INTO rides(name,type_id,capacity,park_id) VALUES ('Game Gallery',4,NULL,14);
INSERT INTO rides(name,type_id,capacity,park_id) VALUES ('Kleuterhof',4,NULL,14);
INSERT INTO rides(name,type_id,capacity,park_id) VALUES ('Volk Van Laaf',4,720,14);
INSERT INTO rides(name,type_id,capacity,park_id) VALUES ('Spookslot',4,NULL,14);
INSERT INTO rides(name,type_id,capacity,park_id) VALUES ('Kindervreugd',4,NULL,14);
INSERT INTO rides(name,type_id,capacity,park_id) VALUES ('Avonturen Doolhof',4,NULL,14);
INSERT INTO rides(name,type_id,capacity,park_id) VALUES ('Kinderspoor',5,480,14);
INSERT INTO rides(name,type_id,capacity,park_id) VALUES ('Halve Maen',15,1020,14);
INSERT INTO rides(name,type_id,capacity,park_id) VALUES ('Stoomcarrousel',6,750,14);
INSERT INTO rides(name,type_id,capacity,park_id) VALUES ('Polka Marina',6,860,14);
INSERT INTO rides(name,type_id,capacity,park_id) VALUES ('Stoomtrein',6,970,14);
INSERT INTO rides(name,type_id,capacity,park_id) VALUES ('Monsieur Cannibale',6,720,14);
INSERT INTO rides(name,type_id,capacity,park_id) VALUES ('De Oude Tufferbaan',6,960,14);
INSERT INTO rides(name,type_id,capacity,park_id) VALUES ('Anton Pieck Plein',6,480,14);
INSERT INTO rides(name,type_id,capacity,park_id) VALUES ('Pandadroom',7,1200,14);
INSERT INTO rides(name,type_id,capacity,park_id) VALUES ('Aquanura',7,NULL,14);
INSERT INTO rides(name,type_id,capacity,park_id) VALUES ('Raveleijn',7,1200,14);
INSERT INTO rides(name,type_id,capacity,park_id) VALUES ('Fairytale Tree',7,NULL,14);
INSERT INTO rides(name,type_id,capacity,park_id) VALUES ('Sprookjessprokkelaa',7,NULL,14);
INSERT INTO rides(name,type_id,capacity,park_id) VALUES ('Pardoes Or Pardijn',7,NULL,14);
INSERT INTO rides(name,type_id,capacity,park_id) VALUES ('Pagode',16,1500,14);
INSERT INTO rides(name,type_id,capacity,park_id) VALUES ('Gondoletta',9,1300,14);
INSERT INTO rides(name,type_id,capacity,park_id) VALUES ('Pirana',9,1300,14);
INSERT INTO rides(name,type_id,capacity,park_id) VALUES ('Seven Dwarfs Mine Train',1,1200,15);
INSERT INTO rides(name,type_id,capacity,park_id) VALUES ('TRON Lightcycle Power Run: Presented by Chevrolet',2,840,15);
INSERT INTO rides(name,type_id,capacity,park_id) VALUES ('Pirates of the Caribbean Battle for the Sunken Treasure',2,2400,15);
INSERT INTO rides(name,type_id,capacity,park_id) VALUES ('Buzz Lightyear Planet Rescue',2,1450,15);
INSERT INTO rides(name,type_id,capacity,park_id) VALUES ('The Many Adventures of Winnie the Pooh',2,1080,15);
INSERT INTO rides(name,type_id,capacity,park_id) VALUES ('Peter Pan''s Flight',2,2910,15);
INSERT INTO rides(name,type_id,capacity,park_id) VALUES ('Garden of the Twelve Friends',3,NULL,15);
INSERT INTO rides(name,type_id,capacity,park_id) VALUES ('Star Wars Launch Bay',3,NULL,15);
INSERT INTO rides(name,type_id,capacity,park_id) VALUES ('Enchanted Storybook Castle',3,NULL,15);
INSERT INTO rides(name,type_id,capacity,park_id) VALUES ('Once Upon a Time Adventure',3,NULL,15);
INSERT INTO rides(name,type_id,capacity,park_id) VALUES ('Camp Discovery',4,NULL,15);
INSERT INTO rides(name,type_id,capacity,park_id) VALUES ('Siren''s Revenge',4,NULL,15);
INSERT INTO rides(name,type_id,capacity,park_id) VALUES ('Shipwreck Shore',4,NULL,15);
INSERT INTO rides(name,type_id,capacity,park_id) VALUES ('Disney Jungle Characters at Happy Circle',4,500,15);
INSERT INTO rides(name,type_id,capacity,park_id) VALUES ('Disney Princesses at Enchanted Storybook Castle',4,500,15);
INSERT INTO rides(name,type_id,capacity,park_id) VALUES ('Marvel Super Heroes at Marvel Universe',4,500,15);
INSERT INTO rides(name,type_id,capacity,park_id) VALUES ('Star Wars Characters in Star Wars Launch Bay',4,500,15);
INSERT INTO rides(name,type_id,capacity,park_id) VALUES ('Meet Mickey at the Gardens of Imagination',4,500,15);
INSERT INTO rides(name,type_id,capacity,park_id) VALUES ('Minnie Mouse and Friends',4,500,15);
INSERT INTO rides(name,type_id,capacity,park_id) VALUES ('Marvel Universe',4,NULL,15);
INSERT INTO rides(name,type_id,capacity,park_id) VALUES ('Captain Jack Sparrow at Treasure Cove',4,500,15);
INSERT INTO rides(name,type_id,capacity,park_id) VALUES ('Alice in Wonderland Maze',4,NULL,15);
INSERT INTO rides(name,type_id,capacity,park_id) VALUES ('Fantasia Carousel',5,1440,15);
INSERT INTO rides(name,type_id,capacity,park_id) VALUES ('Jet Packs',6,480,15);
INSERT INTO rides(name,type_id,capacity,park_id) VALUES ('Dumbo the Flying Elephant',6,480,15);
INSERT INTO rides(name,type_id,capacity,park_id) VALUES ('Hunny Pot Spin',6,1080,15);
INSERT INTO rides(name,type_id,capacity,park_id) VALUES ('Shanghai Disneyland Band',7,NULL,15);
INSERT INTO rides(name,type_id,capacity,park_id) VALUES ('Frozen: A Sing-Along Celebration',7,NULL,15);
INSERT INTO rides(name,type_id,capacity,park_id) VALUES ('Golden Fairytale Fanfare',7,NULL,15);
INSERT INTO rides(name,type_id,capacity,park_id) VALUES ('Ignite the Dream - A Nighttime Spectacular of Magic and Light',7,NULL,15);
INSERT INTO rides(name,type_id,capacity,park_id) VALUES ('Mickey''s Storybook Express',7,NULL,15);
INSERT INTO rides(name,type_id,capacity,park_id) VALUES ('Eye of the Storm: Captain Jack''s Stunt Spectacular',7,NULL,15);
INSERT INTO rides(name,type_id,capacity,park_id) VALUES ('Tarzan: Call of the Jungle',7,1500,15);
INSERT INTO rides(name,type_id,capacity,park_id) VALUES ('The Lion King',7,1200,15);
INSERT INTO rides(name,type_id,capacity,park_id) VALUES ('Stitch Encounter',7,480,15);
INSERT INTO rides(name,type_id,capacity,park_id) VALUES ('Soaring Over the Horizon',7,870,15);
INSERT INTO rides(name,type_id,capacity,park_id) VALUES ('Explorer Canoes',9,600,15);
INSERT INTO rides(name,type_id,capacity,park_id) VALUES ('Voyage to the Crystal Grotto',9,1920,15);
INSERT INTO rides(name,type_id,capacity,park_id) VALUES ('Roaring Rapids',9,1600,15);
INSERT INTO rides(name,type_id,capacity,park_id) VALUES ('Arcade Beta',23,NULL,16);
INSERT INTO rides(name,type_id,capacity,park_id) VALUES ('L''Astroport Services Interstellaires',23,NULL,16);
INSERT INTO rides(name,type_id,capacity,park_id) VALUES ('Big Thunder Mountain',1,2420,16);
INSERT INTO rides(name,type_id,capacity,park_id) VALUES ('Indiana Jones and the Temple of Peril',1,1360,16);
INSERT INTO rides(name,type_id,capacity,park_id) VALUES ('Space Mountain: Mission 2',2,2880,16);
INSERT INTO rides(name,type_id,capacity,park_id) VALUES ('Star Tours',2,1600,16);
INSERT INTO rides(name,type_id,capacity,park_id) VALUES ('Phantom Manor',2,1500,16);
INSERT INTO rides(name,type_id,capacity,park_id) VALUES ('Les Voyages de Pinocchio',2,1440,16);
INSERT INTO rides(name,type_id,capacity,park_id) VALUES ('it''s a small world''',2,2880,16);
INSERT INTO rides(name,type_id,capacity,park_id) VALUES ('Buzz Lightyear Laser Blast',2,1800,16);
INSERT INTO rides(name,type_id,capacity,park_id) VALUES ('Blanche-Neige et les Sept Nains',2,1440,16);
INSERT INTO rides(name,type_id,capacity,park_id) VALUES ('La Galerie de la Belle au Bois Dormant',3,NULL,16);
INSERT INTO rides(name,type_id,capacity,park_id) VALUES ('Sleeping Beauty Castle',3,NULL,16);
INSERT INTO rides(name,type_id,capacity,park_id) VALUES ('La Taniere du Dragon',3,NULL,16);
INSERT INTO rides(name,type_id,capacity,park_id) VALUES ('Le Passage Enchante d''Aladdin',3,NULL,16);
INSERT INTO rides(name,type_id,capacity,park_id) VALUES ('Discovery Arcade',3,NULL,16);
INSERT INTO rides(name,type_id,capacity,park_id) VALUES ('Les Mysteres du Nautilus',3,NULL,16);
INSERT INTO rides(name,type_id,capacity,park_id) VALUES ('Liberty Arcade',3,NULL,16);
INSERT INTO rides(name,type_id,capacity,park_id) VALUES ('Minnie or friends',4,500,16);
INSERT INTO rides(name,type_id,capacity,park_id) VALUES ('Rustler Roundup Shootin'' Gallery',4,720,16);
INSERT INTO rides(name,type_id,capacity,park_id) VALUES ('Peter Pan or friends',4,500,16);
INSERT INTO rides(name,type_id,capacity,park_id) VALUES ('Alice or friends',4,500,16);
INSERT INTO rides(name,type_id,capacity,park_id) VALUES ('Chip and Dale or friends',4,500,16);
INSERT INTO rides(name,type_id,capacity,park_id) VALUES ('Donald or friends',4,500,16);
INSERT INTO rides(name,type_id,capacity,park_id) VALUES ('Meet Mickey Mouse',4,500,16);
INSERT INTO rides(name,type_id,capacity,park_id) VALUES ('Meet ''n'' Greet with Aurora',4,500,16);
INSERT INTO rides(name,type_id,capacity,park_id) VALUES ('Goofy or friends',4,500,16);
INSERT INTO rides(name,type_id,capacity,park_id) VALUES ('Meet Aladdin or friends',4,500,16);
INSERT INTO rides(name,type_id,capacity,park_id) VALUES ('Princess Pavilion',4,500,16);
INSERT INTO rides(name,type_id,capacity,park_id) VALUES ('Princess Tiana or friends',4,500,16);
INSERT INTO rides(name,type_id,capacity,park_id) VALUES ('Winnie the Pooh or friends',4,500,16);
INSERT INTO rides(name,type_id,capacity,park_id) VALUES ('Alice''s Curious Labyrinth',4,NULL,16);
INSERT INTO rides(name,type_id,capacity,park_id) VALUES ('Casey Jr.: le Petit Train du Cirque',6,1440,16);
INSERT INTO rides(name,type_id,capacity,park_id) VALUES ('Orbitron',6,360,16);
INSERT INTO rides(name,type_id,capacity,park_id) VALUES ('Mad Hatter''s Tea Cups',6,600,16);
INSERT INTO rides(name,type_id,capacity,park_id) VALUES ('Le Carrousel de Lancelot',6,1440,16);
INSERT INTO rides(name,type_id,capacity,park_id) VALUES ('Autopia',6,1450,16);
INSERT INTO rides(name,type_id,capacity,park_id) VALUES ('Dumbo the Flying Elephant',6,480,16);
INSERT INTO rides(name,type_id,capacity,park_id) VALUES ('Disney Magic on Parade',7,NULL,16);
INSERT INTO rides(name,type_id,capacity,park_id) VALUES ('A Night Time Spectacular Show: Disney Dreams!',7,NULL,16);
INSERT INTO rides(name,type_id,capacity,park_id) VALUES ('Jedi Training Academy',7,800,16);
INSERT INTO rides(name,type_id,capacity,park_id) VALUES ('The Forest of Enchantment: A Disney musical adventure',7,1350,16);
INSERT INTO rides(name,type_id,capacity,park_id) VALUES ('Sneak Peeks',7,600,16);
INSERT INTO rides(name,type_id,capacity,park_id) VALUES ('Main Street Vehicles',8,NULL,16);
INSERT INTO rides(name,type_id,capacity,park_id) VALUES ('Horse-Drawn Streetcars',8,540,16);
INSERT INTO rides(name,type_id,capacity,park_id) VALUES ('Pirates of the Caribbean',9,4300,16);
INSERT INTO rides(name,type_id,capacity,park_id) VALUES ('Le Pays des Contes de Fees',9,2160,16);
INSERT INTO rides(name,type_id,capacity,park_id) VALUES ('Rock ''n'' Roller Coaster starring Aerosmith',2,1800,17);
INSERT INTO rides(name,type_id,capacity,park_id) VALUES ('Guardians Of The Galaxy: Mission Breakout',2,1800,17);
INSERT INTO rides(name,type_id,capacity,park_id) VALUES ('Ratatouille: The Adventure',2,2220,17);
INSERT INTO rides(name,type_id,capacity,park_id) VALUES ('Crush''s Coaster',2,720,17);
INSERT INTO rides(name,type_id,capacity,park_id) VALUES ('Meet Spider-Man',4,500,17);
INSERT INTO rides(name,type_id,capacity,park_id) VALUES ('Disney Studio 1',4,NULL,17);
INSERT INTO rides(name,type_id,capacity,park_id) VALUES ('Cars Quatre Roues Rallye',5,650,17);
INSERT INTO rides(name,type_id,capacity,park_id) VALUES ('Slinky Dog Zigzag Spin',6,1020,17);
INSERT INTO rides(name,type_id,capacity,park_id) VALUES ('RC Racer',6,600,17);
INSERT INTO rides(name,type_id,capacity,park_id) VALUES ('Studio Tram Tour: Behind the Magic',6,2020,17);
INSERT INTO rides(name,type_id,capacity,park_id) VALUES ('Les Tapis Volants - Flying Carpets Over Agrabah',6,960,17);
INSERT INTO rides(name,type_id,capacity,park_id) VALUES ('Disney Junior Live on Stage!',7,450,17);
INSERT INTO rides(name,type_id,capacity,park_id) VALUES ('Art of Disney Animation',7,680,17);
INSERT INTO rides(name,type_id,capacity,park_id) VALUES ('Moteurs: Action! Stunt Show Spectacular',7,5000,17);
INSERT INTO rides(name,type_id,capacity,park_id) VALUES ('Stitch Live!',7,800,17);
INSERT INTO rides(name,type_id,capacity,park_id) VALUES ('Animagique',7,3330,17);
INSERT INTO rides(name,type_id,capacity,park_id) VALUES ('CineMagique',7,1380,17);
INSERT INTO rides(name,type_id,capacity,park_id) VALUES ('Armageddon : les Effets Speciaux',7,500,17);
INSERT INTO rides(name,type_id,capacity,park_id) VALUES ('The Twilight Zone Tower of Terror',16,2640,17);
INSERT INTO rides(name,type_id,capacity,park_id) VALUES ('Toy Soldiers Parachute Drop',16,720,17);
INSERT INTO rides(name,type_id,capacity,park_id) VALUES ('Big Grizzly Mountain Runaway Mine Cars',1,1440,18);
INSERT INTO rides(name,type_id,capacity,park_id) VALUES ('Iron Man Experience',2,1690,18);
INSERT INTO rides(name,type_id,capacity,park_id) VALUES ('Mystic Manor',2,5400,18);
INSERT INTO rides(name,type_id,capacity,park_id) VALUES ('It''s a Small World',2,2760,18);
INSERT INTO rides(name,type_id,capacity,park_id) VALUES ('Buzz Lightyear Astro Blasters',2,3600,18);
INSERT INTO rides(name,type_id,capacity,park_id) VALUES ('Space Mountain',2,720,18);
INSERT INTO rides(name,type_id,capacity,park_id) VALUES ('The Many Adventures of Winnie the Pooh',2,960,18);
INSERT INTO rides(name,type_id,capacity,park_id) VALUES ('Garden of Wonders',3,200,18);
INSERT INTO rides(name,type_id,capacity,park_id) VALUES ('Fantasy Gardens',3,1200,18);
INSERT INTO rides(name,type_id,capacity,park_id) VALUES ('Art of Animation',3,100,18);
INSERT INTO rides(name,type_id,capacity,park_id) VALUES ('Fairy Tale Forest presented by PANDORA',3,NULL,18);
INSERT INTO rides(name,type_id,capacity,park_id) VALUES ('Meet Duffy in Town Square',4,500,18);
INSERT INTO rides(name,type_id,capacity,park_id) VALUES ('Meet Chip ''N Dale in Town Square',4,500,18);
INSERT INTO rides(name,type_id,capacity,park_id) VALUES ('Geyser Gulch',4,300,18);
INSERT INTO rides(name,type_id,capacity,park_id) VALUES ('Meet Winnie the Pooh in Fantasyland',4,500,18);
INSERT INTO rides(name,type_id,capacity,park_id) VALUES ('Meet Stitch at Tomorrowland',4,500,18);
INSERT INTO rides(name,type_id,capacity,park_id) VALUES ('Mystic Point Freight Depot',4,200,18);
INSERT INTO rides(name,type_id,capacity,park_id) VALUES ('Meet Buzz Lightyear in Tomorrowland',4,500,18);
INSERT INTO rides(name,type_id,capacity,park_id) VALUES ('Wild West Photo Fun',4,500,18);
INSERT INTO rides(name,type_id,capacity,park_id) VALUES ('Barrel of Fun',4,500,18);
INSERT INTO rides(name,type_id,capacity,park_id) VALUES ('Meet Snow White in Fantasyland',4,500,18);
INSERT INTO rides(name,type_id,capacity,park_id) VALUES ('Meet Donald Duck in Town Square',4,500,18);
INSERT INTO rides(name,type_id,capacity,park_id) VALUES ('Meet Daisy Duck in Town Square',4,500,18);
INSERT INTO rides(name,type_id,capacity,park_id) VALUES ('Meet Alice in Fantasyland',4,500,18);
INSERT INTO rides(name,type_id,capacity,park_id) VALUES ('Meet Belle in Fantasyland',4,500,18);
INSERT INTO rides(name,type_id,capacity,park_id) VALUES ('Meet Tinker Bell in Fantasyland',4,500,18);
INSERT INTO rides(name,type_id,capacity,park_id) VALUES ('Meet Cinderella in Fantasyland',4,500,18);
INSERT INTO rides(name,type_id,capacity,park_id) VALUES ('Meet Goofy in Fantasy Gardens',4,500,18);
INSERT INTO rides(name,type_id,capacity,park_id) VALUES ('Meet Minnie Mouse in Fantasy Gardens',4,500,18);
INSERT INTO rides(name,type_id,capacity,park_id) VALUES ('Meet Pluto in Fantasy Gardens',4,500,18);
INSERT INTO rides(name,type_id,capacity,park_id) VALUES ('Meet Princess Aurora in Fantasyland',4,500,18);
INSERT INTO rides(name,type_id,capacity,park_id) VALUES ('Cubot in Toy Story Land',4,NULL,18);
INSERT INTO rides(name,type_id,capacity,park_id) VALUES ('Character Greetings',4,1200,18);
INSERT INTO rides(name,type_id,capacity,park_id) VALUES ('Meet Jessie in Toy Story Land',4,500,18);
INSERT INTO rides(name,type_id,capacity,park_id) VALUES ('Meet Woody in Toy Story Land',4,500,18);
INSERT INTO rides(name,type_id,capacity,park_id) VALUES ('Animation Academy',4,100,18);
INSERT INTO rides(name,type_id,capacity,park_id) VALUES ('Meet Rapunzel in Fantasyland',4,500,18);
INSERT INTO rides(name,type_id,capacity,park_id) VALUES ('Liki Tikis',4,100,18);
INSERT INTO rides(name,type_id,capacity,park_id) VALUES ('Meet Mickey Mouse in Fantasyland',4,500,18);
INSERT INTO rides(name,type_id,capacity,park_id) VALUES ('Tarzan Island',4,300,18);
INSERT INTO rides(name,type_id,capacity,park_id) VALUES ('Meet Anna and Elsa in Fantasyland',4,500,18);
INSERT INTO rides(name,type_id,capacity,park_id) VALUES ('Snow White Grotto',4,30,18);
INSERT INTO rides(name,type_id,capacity,park_id) VALUES ('UFO Zone',4,100,18);
INSERT INTO rides(name,type_id,capacity,park_id) VALUES ('Sleeping Beauty Castle',4,500,18);
INSERT INTO rides(name,type_id,capacity,park_id) VALUES ('Dumbo the Flying Elephant',6,770,18);
INSERT INTO rides(name,type_id,capacity,park_id) VALUES ('Cinderella Carousel',6,1440,18);
INSERT INTO rides(name,type_id,capacity,park_id) VALUES ('Mad Hatter Tea Cups',6,1730,18);
INSERT INTO rides(name,type_id,capacity,park_id) VALUES ('Autopia',6,240,18);
INSERT INTO rides(name,type_id,capacity,park_id) VALUES ('Orbitron',6,1280,18);
INSERT INTO rides(name,type_id,capacity,park_id) VALUES ('RC Racer',6,600,18);
INSERT INTO rides(name,type_id,capacity,park_id) VALUES ('Slinky Dog Spin',6,1530,18);
INSERT INTO rides(name,type_id,capacity,park_id) VALUES ('Jammin'' Drum Adventures',7,500,18);
INSERT INTO rides(name,type_id,capacity,park_id) VALUES ('Toy Soldier Boot Camp',7,100,18);
INSERT INTO rides(name,type_id,capacity,park_id) VALUES ('Tam Tam Drum Circle',7,500,18);
INSERT INTO rides(name,type_id,capacity,park_id) VALUES ('Enchanted Village Drummers',7,500,18);
INSERT INTO rides(name,type_id,capacity,park_id) VALUES ('The Jammitors',7,500,18);
INSERT INTO rides(name,type_id,capacity,park_id) VALUES ('PUSH The Talking Trash Can',7,500,18);
INSERT INTO rides(name,type_id,capacity,park_id) VALUES ('Mystic Manor Ambassador Announcement',7,70,18);
INSERT INTO rides(name,type_id,capacity,park_id) VALUES ('Disney Paint the Night: Nighttime Spectacular',7,NULL,18);
INSERT INTO rides(name,type_id,capacity,park_id) VALUES ('Mickey''s PhilharMagic',7,560,18);
INSERT INTO rides(name,type_id,capacity,park_id) VALUES ('The Golden Mickey''s',7,500,18);
INSERT INTO rides(name,type_id,capacity,park_id) VALUES ('Sword in the Stone',7,100,18);
INSERT INTO rides(name,type_id,capacity,park_id) VALUES ('Stitch Encounter',7,200,18);
INSERT INTO rides(name,type_id,capacity,park_id) VALUES ('Festival of the Lion King',7,500,18);
INSERT INTO rides(name,type_id,capacity,park_id) VALUES ('Muppet Mobile Lab',7,100,18);
INSERT INTO rides(name,type_id,capacity,park_id) VALUES ('Grizzly Gulch Welcome Wagon Show',7,200,18);
INSERT INTO rides(name,type_id,capacity,park_id) VALUES ('Mickey and the Wondrous Book',7,2000,18);
INSERT INTO rides(name,type_id,capacity,park_id) VALUES ('Disney In The Stars Fireworks',7,NULL,18);
INSERT INTO rides(name,type_id,capacity,park_id) VALUES ('Flights of Fantasy Parade',7,NULL,18);
INSERT INTO rides(name,type_id,capacity,park_id) VALUES ('Court of Miracles Sideshow',7,NULL,18);
INSERT INTO rides(name,type_id,capacity,park_id) VALUES ('Toy Soldier Parachute Drop',16,1080,18);
INSERT INTO rides(name,type_id,capacity,park_id) VALUES ('Hong Kong Disney Railroad',8,1440,18);
INSERT INTO rides(name,type_id,capacity,park_id) VALUES ('Main Street Vehicles',8,500,18);
INSERT INTO rides(name,type_id,capacity,park_id) VALUES ('Rafts to Tarzan''s Island',8,1220,18);
INSERT INTO rides(name,type_id,capacity,park_id) VALUES ('Rafts to Tarzan''s Treehouse',8,1220,18);
INSERT INTO rides(name,type_id,capacity,park_id) VALUES ('Fantasyland Railroad Station',8,1440,18);
INSERT INTO rides(name,type_id,capacity,park_id) VALUES ('Jungle River Cruise',9,780,18);
